gene	rank
SPI1	1
IRF4	2
IKZF1	3
TFEC	4
MITF	5
CTSZ	6
ZNF366	7
CEBPD	8
CREG1	9
LMO2	10
PRKCB	11
MREG	12
GAS7	13
NR1H3	14
ZNF219	15
RXRA	16
AKNA	17
FABP3	18
CEBPA	19
CSF2RB	20
PPARG	21
FGR	22
ARID3A	23
TBX21	24
IRF5	25
MS4A4A	26
ESR1	27
IGSF6	28
HAVCR2	29
WDFY4	30
CIITA	31
CIR1	32
NFAM1	33
FTL	34
TFEB	35
ASCL2	36
STAT6	37
S100A9	38
USF1	39
GSN	40
LIPA	41
LILRA2	42
A2M	43
PSTPIP1	44
NFE2	45
PTPN6	46
MAF	47
RENBP	48
C19ORF38	49
NR4A3	50
MYCL	51
PRAM1	52
CSF3R	53
GM2A	54
HLX	55
LILRB4	56
ZNF438	57
TREM2	58
ZFP92	59
MNDA	60
SLAMF6	61
LST1	62
EGR2	63
CD209	64
RASGRP4	65
PARVG	66
ATP2A3	67
TDRD3	68
ADAMTSL4	69
PLCB2	70
ALOX15	71
PTGS1	72
ACP5	73
WAS	74
FCRL3	75
TYROBP	76
BIN2	77
SPN	78
VAV1	79
GALM	80
ARL11	81
CD84	82
CD300LF	83
TYMP	84
KIAA0930	85
CTSS	86
PARP15	87
TMC8	88
CTSD	89
NCF4	90
FOS	91
SLC7A7	92
DPEP2	93
ATP6AP1	94
TBC1D10C	95
SUFU	96
HCK	97
TRAF3IP3	98
MRC1	99
FCER2	100
NCF1	101
TNFSF13	102
SIGLEC14	103
LY9	104
SASH3	105
APOBR	106
HSD11B1	107
GLT1D1	108
CISH	109
POU2AF1	110
THEMIS2	111
ADAP2	112
NCKAP1L	113
FGD2	114
GNS	115
RBM47	116
TMC6	117
CD63	118
NACC2	119
HK3	120
OXER1	121
SNAI3	122
LILRB3	123
LYZ	124
THRA	125
ATF3	126
HES6	127
MMP9	128
SLC26A11	129
BTK	130
PTPRE	131
KCNK13	132
KLF8	133
S100A8	134
LITAF	135
PLA2G7	136
GIMAP4	137
NPC2	138
SLC29A3	139
CCL28	140
SUN2	141
SLC49A3	142
PILRA	143
STX11	144
OSCAR	145
HRH2	146
MFSD1	147
ARRB2	148
MLX	149
MCEMP1	150
S1PR4	151
CEBPE	152
PIK3AP1	153
HVCN1	154
CSTB	155
PPARD	156
ZFYVE28	157
MAN2B1	158
TOB1	159
MS4A1	160
FCGR2B	161
F13A1	162
NCF2	163
STAT5A	164
FCER1G	165
ARRB1	166
PTPRO	167
LILRB1	168
SLC16A5	169
ASAH1	170
ARAP1	171
PLD3	172
USF2	173
CLECL1	174
MYO1F	175
ITGAM	176
CCDC69	177
PLEKHO2	178
MYBPC3	179
PSD4	180
CLDN23	181
TAGAP	182
ENSG00000279406	183
UBTD1	184
CCR5	185
VAMP8	186
RPS6KA1	187
PECAM1	188
RASAL3	189
CTSB	190
P2RX1	191
GIMAP6	192
FCRL1	193
BTG2	194
SH3TC1	195
FCGRT	196
MS4A6A	197
ARHGAP4	198
ADA2	199
SLC37A2	200
LYL1	201
CYBB	202
ZFP36L2	203
FCN1	204
RGS18	205
ACAP1	206
SUSD3	207
ZNF516	208
LILRB2	209
KCNE1	210
SLC27A3	211
ENSG00000265975	212
HAAO	213
CTSL	214
GPR34	215
GIMAP1	216
SIGLEC10	217
TRPV2	218
PRKCD	219
PLBD1	220
RASGRP3	221
ZBTB7B	222
MGAT1	223
PYCARD	224
C1QA	225
UNC93B1	226
SLC2A6	227
CITED2	228
ABHD12	229
PPARA	230
ARHGAP31	231
SCARF1	232
KCNE3	233
ENSG00000259760	234
SLC39A11	235
MS4A7	236
ENSG00000283787	237
TMEM176B	238
FLI1	239
LGALS3	240
DENND2D	241
ZNF439	242
TLR8	243
RASSF2	244
AQP3	245
FGL2	246
SIRPA	247
GAA	248
CYFIP1	249
PLEK	250
SLC43A2	251
LY86	252
CRTAM	253
FBP1	254
RILP	255
NEK6	256
ENSG00000274712	257
ATP10A	258
CCRL2	259
ARHGAP30	260
SLC6A6	261
SLA	262
ITGB2	263
DOCK3	264
KCNAB2	265
RELT	266
MFSD12	267
PTPRC	268
DAPP1	269
CARD9	270
CPM	271
CD86	272
MSR1	273
CD83	274
ATP6V1B2	275
DOK3	276
CORO1A	277
PTAFR	278
NAGA	279
AIF1	280
TNFAIP8L2	281
SCIMP	282
CD22	283
ACAT2	284
LINC00847	285
SIGLEC7	286
TPP1	287
EVL	288
CSF1R	289
NLRC4	290
ARHGDIB	291
HCST	292
RAB20	293
IRAK3	294
ITPKB	295
TNFRSF11A	296
ITGAL	297
EMILIN2	298
ZNF844	299
OGFRL1	300
CHIT1	301
FPR3	302
IL2RG	303
CD36	304
TNNI2	305
ST14	306
IL16	307
PSAP	308
SH2D3C	309
CCDC88B	310
NEU1	311
GPR141	312
PGD	313
FERMT3	314
DAB2	315
RNASE6	316
CD180	317
CYSTM1	318
CCR7	319
ARHGAP9	320
AP1B1	321
CALHM2	322
CD52	323
ENSG00000284691	324
GALNT12	325
CEACAM21	326
TMEM150B	327
GNA15	328
SLAMF8	329
IDH1	330
EVI2B	331
NPL	332
MPP1	333
INAFM2	334
CLEC7A	335
MSRB1	336
C11ORF45	337
HADHB	338
RAB42	339
STAC3	340
TTC39B	341
KIAA0513	342
PLXND1	343
OPRL1	344
ACOT13	345
GRN	346
STAB1	347
ATP6V1A	348
ATP6V0B	349
NAPSB	350
C1ORF162	351
CYP27A1	352
AP5B1	353
LGALS2	354
CFD	355
ZNF385A	356
TTC7A	357
RRAGD	358
PLPP3	359
ROGDI	360
SUCNR1	361
PIM3	362
FCHO1	363
HEXB	364
PPT1	365
RNF130	366
OSTF1	367
PTPN18	368
PFDN5	369
LILRA1	370
AKR1A1	371
TP53I3	372
ACOT2	373
APLP2	374
CXCR2	375
CD79A	376
LCP2	377
MPEG1	378
LRRFIP1	379
YPEL4	380
IL17RA	381
ENSG00000259590	382
KLHL6	383
TIAM1	384
ENSG00000273837	385
FKBP15	386
SLC6A12	387
SIGLEC5	388
LYN	389
REL	390
ITGB2-AS1	391
TMEM236	392
GMFG	393
SLC22A16	394
CD9	395
NHLRC3	396
FUOM	397
SPINT1	398
MRAS	399
HSD3B7	400
ACE	401
CD1D	402
RGCC	403
CLEC12A	404
PTPN7	405
LAPTM5	406
RGS19	407
CRABP2	408
ENSG00000265206	409
LILRA5	410
ARL8A	411
FCGR3A	412
BATF3	413
GMIP	414
ACSS2	415
ANXA11	416
FLVCR2	417
GK	418
ENSG00000268027	419
TALDO1	420
TMEM176A	421
TOR4A	422
CD4	423
TMEM117	424
HS6ST1	425
HACD4	426
TSC22D4	427
STXBP2	428
SERPINB1	429
ABCD1	430
LGALS9	431
SPSB1	432
TRIM35	433
GPR137B	434
HSD17B4	435
ATP9B	436
CLEC10A	437
TCIRG1	438
TM6SF1	439
HLA-DMA	440
RHOBTB2	441
EPB41L1	442
SDC2	443
ENSG00000237541	444
GPNMB	445
FABP5	446
LRRK1	447
ATP6V0D1	448
RCSD1	449
HLA-DRB6	450
CNPY3	451
CD79B	452
SIGLEC9	453
SLC31A1	454
APOL2	455
CD226	456
ENSG00000261269	457
BLVRA	458
ACSL1	459
LILRA6	460
GIMAP7	461
C5AR1	462
ABCG2	463
ACAA2	464
TBXAS1	465
DAGLA	466
IL1RN	467
SCPEP1	468
CD5	469
SUSD6	470
SPINT2	471
TREML1	472
TIE1	473
SLC11A1	474
GAB2	475
MCOLN1	476
FAM78A	477
SNX20	478
ATP8B4	479
MEGF9	480
NAGPA	481
ENSG00000229754	482
AFAP1L1	483
TLR2	484
TMEM127	485
FOXN3	486
CD37	487
G6PD	488
FAR2	489
SORT1	490
MAN1C1	491
DAPK1	492
LRRC25	493
IFNGR2	494
CPPED1	495
NBEAL2	496
SLAMF1	497
LAMP1	498
PRAG1	499
TRAF5	500
CSTA	501
DBI	502
CLSTN3	503
C22ORF34	504
VAT1	505
C11ORF21	506
CTNS	507
CAT	508
SH3BP2	509
LACTB	510
EMILIN1	511
RTN4R	512
GBA	513
FCGR2A	514
PLA2G15	515
LASP1	516
SAMSN1	517
CD300A	518
ALAS1	519
FCMR	520
ENSG00000237181	521
SUMF1	522
ZFYVE16	523
MZB1	524
VASH1	525
RALB	526
IFNGR1	527
GUCD1	528
SLC38A6	529
LAIR1	530
CD200R1	531
MAPK13	532
ABI3	533
GPSM3	534
ENSG00000248996	535
FIG4	536
CYTH4	537
CES1	538
ACVRL1	539
HLA-DMB	540
ENSG00000255197	541
NAGK	542
ANKRD44	543
GUSB	544
DHRS9	545
LDLRAP1	546
PI4K2A	547
GRAP	548
WDR86-AS1	549
MBP	550
CD33	551
RNFT1	552
ARHGEF11	553
NAGLU	554
ITPK1	555
SLC36A1	556
SMCO4	557
SPON2	558
IFI30	559
LOC105378819	560
JAML	561
ECM1	562
RRBP1	563
ENSG00000279117	564
C2	565
F5	566
CNDP2	567
CAMK1D	568
TUBA1A	569
IL10RA	570
CDH23	571
ABHD6	572
PLXNC1	573
PDXK	574
CNR2	575
GPX3	576
PCSK5	577
RAB5C	578
FES	579
IMPDH1	580
SNX30	581
CFP	582
NRROS	583
ATP6V1F	584
RINL	585
NFKBIE	586
RGS12	587
ENSG00000226441	588
ARPC5	589
ST6GAL1	590
CEACAM3	591
TBC1D2	592
WDR7	593
SLC27A1	594
FURIN	595
ENSG00000269001	596
RNPEPL1	597
PAPSS1	598
PEPD	599
DDAH2	600
CTSC	601
MKNK1	602
DECR1	603
ALDH1A1	604
FGD6	605
APOE	606
COX5B	607
TBC1D8	608
DOCK4	609
CXCL16	610
TNFSF14	611
CYTH1	612
SLC2A9	613
ACP2	614
MAPKAPK3	615
NCAPH	616
AIFM3	617
RASSF4	618
GSR	619
ECHDC3	620
GLMP	621
SYTL1	622
PLIN2	623
OS9	624
TRAPPC9	625
ARHGAP15	626
GLIPR2	627
SERF2	628
VASP	629
ENSG00000230747	630
HPGDS	631
ARSB	632
PDE6B	633
SH2B2	634
CD53	635
AGAP2	636
SLC12A6	637
CPT2	638
ATG16L2	639
SDCBP	640
MTHFR	641
LOC101927402	642
RAMP1	643
PNPLA6	644
COMMD9	645
ACAA1	646
CHST13	647
GPX1	648
MAFF	649
APOL4	650
MS4A14	651
HAMP	652
FKBP1A	653
MPO	654
HMG20B	655
GRK3	656
SLC1A4	657
OSBPL11	658
SLC48A1	659
CD1A	660
ADRA2B	661
SIDT2	662
COL8A2	663
GPA33	664
SLITRK4	665
ADORA3	666
EFHD2	667
LIMD2	668
GAPT	669
LCP1	670
GNPTG	671
SORBS3	672
LINC01504	673
PICALM	674
VWA5A	675
LSP1	676
RAPGEF1	677
DEF8	678
AATBC	679
KCNMB1	680
NUCB1	681
ADGRE2	682
C1ORF122	683
ABHD4	684
FMNL1	685
PPM1M	686
TMEM140	687
GPX4	688
KCNQ1	689
NME8	690
FAM131B	691
ZMYND15	692
KIAA0040	693
TDRD6	694
KIAA0100	695
DOP1B	696
SLAMF7	697
GCA	698
GAB3	699
BCL2A1	700
LPCAT2	701
ARHGAP45	702
TMCO3	703
NDN	704
DENND1C	705
LINC01637	706
TOLLIP	707
PIK3R5	708
TXNDC11	709
SLC12A9	710
TMEM45B	711
IDH2	712
CIAO2A	713
MFSD6	714
PC	715
GLB1	716
ARHGAP25	717
TGM2	718
CD93	719
MYO9B	720
RAB33A	721
RGS1	722
TNFSF8	723
MFNG	724
ST3GAL6	725
SLC8A1	726
GABARAPL1	727
SGK1	728
DOCK11	729
ZNF706	730
RNPEP	731
SYNGR2	732
BORCS6	733
ENSG00000285103	734
SOCS1	735
PLXDC2	736
SLC46A2	737
TNFSF13B	738
SLC17A9	739
CD48	740
MAP3K3	741
ZNF362	742
SHTN1	743
PIP5K1C	744
TSPO	745
SH3BP1	746
ATPAF2	747
SIPA1	748
DENND4C	749
CYP2S1	750
RUFY4	751
ENSG00000182957	752
BLNK	753
ARHGAP18	754
PALLD	755
SELENON	756
LMBR1L	757
MOSPD2	758
TNFAIP8L1	759
SLC25A24	760
ARHGAP26	761
IQSEC1	762
IL6R	763
CRYL1	764
RNF13	765
SULT1A1	766
LINC02285	767
ZFYVE26	768
ACOX1	769
KCNJ5	770
RP2	771
RFTN1	772
SAT2	773
PRKACB	774
SUOX	775
NAALADL1	776
ENSG00000240143	777
LOC100507642	778
RAB11FIP4	779
HEXA	780
MYO18A	781
XPNPEP2	782
B3GNT8	783
PRSS36	784
MICAL1	785
ERMP1	786
NRGN	787
CLEC17A	788
STX7	789
LRPAP1	790
BAIAP2-DT	791
SIGLEC11	792
UBXN11	793
TMEM91	794
PHETA2	795
HSD17B11	796
STARD3	797
DGAT1	798
MGMT	799
PARP8	800
MARK2	801
TMEM63A	802
ITGB7	803
BLVRB	804
FNBP1	805
TNFRSF14	806
ARSA	807
LY75	808
RIN3	809
GRK2	810
CHST11	811
MDH1	812
CLMN	813
TSPAN14	814
TTYH2	815
LRG1	816
PDK4	817
PIK3R6	818
ZYX	819
MARCO	820
MPV17	821
SGK3	822
AGO4	823
NAPRT	824
RCBTB2	825
TOR2A	826
OSBPL1A	827
GALNT6	828
CH17-340M24.3	829
DTX4	830
TREML2	831
CD1C	832
ARHGAP10	833
SIL1	834
IFNLR1	835
SIGLEC1	836
PHOSPHO1	837
CYP27B1	838
SOWAHD	839
SH3BGRL	840
NINJ2	841
ADCY7	842
MYO1G	843
INPP5D	844
PTK2B	845
DOCK2	846
TMEM266	847
ENSG00000233609	848
POR	849
GALNS	850
SYT17	851
TRAK1	852
ENSG00000273341	853
GRAMD4	854
SLC25A35	855
PIK3CD-AS1	856
RNF166	857
SLC45A4	858
MAP2K6	859
AOAH	860
OIP5-AS1	861
SIRPB1	862
PRR13	863
ACADS	864
PGPEP1	865
SLC7A8	866
ARRDC4	867
JCHAIN	868
GPRIN3	869
CRB2	870
DYSF	871
ZDHHC3	872
ENSG00000219986	873
MYDGF	874
AOC1	875
DNAJA4	876
PRCP	877
CALCRL	878
FADS2	879
NAAA	880
NEFH	881
MPND	882
PTCRA	883
CASS4	884
AKAP5	885
PPP1R9B	886
OTOA	887
ADAM8	888
SCP2	889
WFS1	890
THBD	891
DHRS11	892
RYR1	893
SLC17A5	894
P2RY13	895
TM4SF19-AS1	896
B3GNT2	897
MAP3K11	898
MELTF	899
ATP6V1G1	900
ARHGEF10L	901
PNKD	902
ARPC1B	903
FUT7	904
ADPGK	905
GPD1	906
TIGAR	907
CALCOCO1	908
TSPAN17	909
FNIP2	910
SNN	911
MAOA	912
CORO2A	913
PIK3R1	914
ABI1	915
TMEM106A	916
NCSTN	917
PPFIBP2	918
TMEM251	919
DPP9	920
GRIPAP1	921
SELPLG	922
TEX2	923
HGSNAT	924
CORO1B	925
MR1	926
ACER3	927
ALPK1	928
EEPD1	929
MTMR10	930
ADCY4	931
UCP3	932
RILPL2	933
HTRA4	934
GALC	935
DUOX1	936
ODF2	937
SCAMP2	938
UGP2	939
BTN3A1	940
ENSG00000278330	941
ADO	942
MANBA	943
RSPH3	944
CARD14	945
RNASET2	946
SERPINB6	947
MGST3	948
AVPI1	949
WDR81	950
TOM1	951
PLD4	952
KANK3	953
UBXN6	954
ACSF2	955
IL4I1	956
PDE4A	957
TBC1D1	958
DENND1B	959
IL18BP	960
ITGAE	961
HLA-C	962
LPCAT3	963
CAB39L	964
RREB1	965
RAPGEF3	966
DNAJC5B	967
TPCN2	968
MYORG	969
TMEM53	970
WFDC21P	971
LINC00324	972
SLC46A3	973
SMIM14	974
CR1	975
GZMB	976
DOK2	977
RNH1	978
ENSG00000283633	979
CAP1	980
IL27RA	981
SLC25A29	982
SCIN	983
HS1BP3	984
EHD4	985
PIWIL4	986
MGAT3	987
SSBP3	988
LOC100996842	989
GAS2L3	990
TECR	991
PAFAH2	992
TDRD9	993
PELI3	994
PLEKHO1	995
HEATR5A	996
STK32C	997
ZDHHC19	998
RNASEL	999
ENSG00000269970	1000
CCDC115	1001
MRTFA	1002
H6PD	1003
HSD17B14	1004
ENSG00000261596	1005
CHCHD10	1006
METTL7A	1007
NTAN1	1008
MCRIP2	1009
LYST	1010
CLCN7	1011
LMBRD1	1012
HCLS1	1013
PI4KA	1014
SOAT1	1015
DHDH	1016
ETV3	1017
AMDHD2	1018
RHOQ	1019
PREX1	1020
MAP3K5	1021
PLCD1	1022
LRRC28	1023
STK38	1024
PKD1L1	1025
RETN	1026
HLA-DQB2	1027
MAP1S	1028
CYB5R4	1029
CACNA2D4	1030
SYS1	1031
DNMT3A	1032
CASP10	1033
TBC1D2B	1034
MTMR14	1035
MYO15B	1036
FAIM	1037
ATP6V1H	1038
TMEM102	1039
HPS1	1040
SIGLEC17P	1041
PCK2	1042
AGO1	1043
TSPAN32	1044
CAPN3	1045
ARPC4	1046
GFOD1	1047
JAK2	1048
MPC1	1049
EPHB6	1050
SLC50A1	1051
NAIP	1052
LAMTOR1	1053
PIK3CG	1054
ATXN1	1055
FKBP2	1056
PIP4K2A	1057
GLRX	1058
MAP4K2	1059
MBOAT1	1060
GPR183	1061
LHPP	1062
ST3GAL2	1063
RTL5	1064
ADPGK-AS1	1065
ATP5MC3	1066
WIPF1	1067
DRAM2	1068
WWP2	1069
RAB5IF	1070
FAM20A	1071
LDHD	1072
TAOK3	1073
TRIM69	1074
SENCR	1075
SLC1A2	1076
MMAA	1077
CCND3	1078
CHST7	1079
TTC9	1080
PPM1L	1081
EEA1	1082
FEM1C	1083
ATP11A	1084
LAMTOR2	1085
CPQ	1086
PARP4	1087
ST3GAL5	1088
SIGLEC16	1089
SLC25A20	1090
GSTK1	1091
TWF2	1092
SERPINF2	1093
MFHAS1	1094
HDAC2-AS2	1095
ALOX5AP	1096
FKBP5	1097
UCP2	1098
ST6GALNAC4	1099
SLC41A2	1100
RSU1	1101
CLN8	1102
PHACTR1	1103
RPS6KA2	1104
ENSG00000237513	1105
HADHA	1106
HIPK3	1107
ENSG00000273855	1108
F11R	1109
BTN3A2	1110
GPR35	1111
ZBED5-AS1	1112
ENSG00000233225	1113
RHOF	1114
GPR65	1115
IL4R	1116
EML4	1117
LOC107985688	1118
ZDHHC18	1119
GTSF1	1120
IL17RB	1121
ABAT	1122
WDR37	1123
BTN2A2	1124
ENSG00000210196	1125
ENSG00000223799	1126
RASSF3	1127
HMOX2	1128
FBXO6	1129
MPG	1130
B3GALT4	1131
CDH1	1132
DNASE1L3	1133
FBXO15	1134
LOC101927752	1135
NLRP2	1136
MISP3	1137
C19ORF71	1138
ELMO1	1139
PLEKHF2	1140
TMEM130	1141
NDUFB3	1142
TBC1D22A	1143
SNX1	1144
TMEM219	1145
ATG4B	1146
MAN2B2	1147
PPCS	1148
NUDT18	1149
TRIM38	1150
P2RX4	1151
HHLA2	1152
NMB	1153
RNF149	1154
PLAC9	1155
OTOAP1	1156
SLC25A25	1157
AFTPH	1158
GNGT2	1159
SUSD1	1160
DUSP2	1161
COL9A2	1162
CYB5A	1163
YPEL2	1164
ACO2	1165
TPTEP1	1166
SLC8B1	1167
LINC02610	1168
SETDB2	1169
CXCR1	1170
REX1BD	1171
PAPLN	1172
LOC105369519	1173
C11ORF54	1174
FCER1A	1175
N4BP2L1	1176
STK10	1177
FDX1	1178
CRIP1	1179
OST4	1180
IQSEC3	1181
LPAR2	1182
TEX264	1183
DCAF11	1184
NUDT16L1	1185
MLYCD	1186
CYSLTR1	1187
GPAT2	1188
CCNH	1189
TMX4	1190
RAP1A	1191
MAP4K3	1192
MAN2C1	1193
ENSG00000232742	1194
ENSG00000280054	1195
ALAD	1196
GGA1	1197
ZDHHC24	1198
AKAP13	1199
LINC01451	1200
NECAP2	1201
PPIP5K2	1202
PEAK3	1203
GBAP1	1204
ADGRE4P	1205
PLIN4	1206
CASP7	1207
SNX29	1208
ZCCHC2	1209
MGC16275	1210
HAVCR1	1211
MAP4K3-DT	1212
LDLRAD4	1213
DTX2	1214
GIT2	1215
OTOF	1216
GPR132	1217
ENSG00000178146	1218
KEL	1219
ERP29	1220
LINC01480	1221
CLCN1	1222
ENSG00000274922	1223
PEX19	1224
ME3	1225
TNFRSF4	1226
USP25	1227
ENSG00000188603	1228
ITPR2	1229
ZEB1	1230
KPNA2	1231
CREB5	1232
ETV5	1233
KLF12	1234
PATJ	1235
ZNF280B	1236
PLCG1	1237
CCND1	1238
ATP8B2	1239
ZDBF2	1240
SFXN1	1241
KIF21A	1242
TCF4	1243
ZNF507	1244
RHOB	1245
ZNF512B	1246
LRFN3	1247
RORA	1248
TCF19	1249
PSIP1	1250
VEGFA	1251
CDCA7L	1252
GNB5	1253
RRM1	1254
BCL11B	1255
LOXL2	1256
GATA3	1257
TFDP2	1258
NFKBIZ	1259
MTA1	1260
DOCK9	1261
JMY	1262
CTTN	1263
SALL2	1264
LOXL1-AS1	1265
EVA1C	1266
CCNB1	1267
LGMN	1268
TSPAN5	1269
SLC38A1	1270
PCNX2	1271
INPP4B	1272
QSOX2	1273
POU6F1	1274
ANK3	1275
RTKN2	1276
WLS	1277
RAB39B	1278
LEF1	1279
FOXM1	1280
SLC2A1	1281
TYMS	1282
SEMA4F	1283
ZNF827	1284
KIF5C	1285
SYNE2	1286
MORC4	1287
NMT2	1288
OAF	1289
ZZZ3	1290
PVR	1291
DMTN	1292
IFITM1	1293
LRIG1	1294
CAMK4	1295
NME7	1296
FOXP4	1297
KIF20A	1298
FAM169A	1299
LMO7	1300
CDK1	1301
PTCH1	1302
ZNF33B	1303
BMPR1A	1304
OTUD7B	1305
MPP6	1306
MARCKS	1307
SMAD3	1308
TGFBR3	1309
MYBL2	1310
EPHB2	1311
ALDH18A1	1312
TXLNG	1313
CSE1L	1314
MAD2L1	1315
LINC02210	1316
ABCA1	1317
SPTBN1	1318
RRAS2	1319
GAS5	1320
MCM6	1321
BTBD11	1322
BUB1	1323
ENSG00000204789	1324
MAP3K9	1325
MFGE8	1326
ZNF367	1327
VCAN	1328
PTGS2	1329
APBB1	1330
NDC80	1331
MCM2	1332
GINS1	1333
LCLAT1	1334
BAG2	1335
SLC41A1	1336
RBFOX2	1337
FAM72A	1338
SLC9B2	1339
ADAMTS6	1340
MYBL1	1341
LTBP2	1342
ADM	1343
DTX3	1344
FUT8	1345
HELLS	1346
EPB41L5	1347
RACGAP1	1348
CSRP2	1349
KIF22	1350
CDHR3	1351
DTL	1352
CXCL2	1353
RBPMS	1354
GRIP1	1355
ZCCHC24	1356
OXCT1	1357
MAP9	1358
PAWR	1359
KANK2	1360
TSHZ2	1361
KIF2C	1362
NAMPT	1363
CXCL3	1364
SH3RF1	1365
MYO1B	1366
CADM1	1367
CAND2	1368
PCGF2	1369
RNF157	1370
GDF11	1371
ADAMTS4	1372
CCDC138	1373
SLC25A4	1374
CENPI	1375
SV2A	1376
DPP4	1377
SNX25	1378
CMSS1	1379
GKAP1	1380
ABCB1	1381
SUSD4	1382
SH3BP4	1383
RADX	1384
BEX2	1385
HPSE	1386
SAMD12	1387
NCKAP1	1388
NT5DC2	1389
CDC14B	1390
SPAG16	1391
KIAA1671	1392
NECTIN3	1393
YES1	1394
RAD51AP1	1395
ZFYVE9	1396
CHN1	1397
FKBP9	1398
SLC6A8	1399
OSBPL10	1400
UTP20	1401
CNTNAP1	1402
BBX	1403
MYEF2	1404
EPHA4	1405
BRIP1	1406
HOXB2	1407
WDR76	1408
CENPF	1409
SNHG16	1410
USP53	1411
TMEM14A	1412
IER3	1413
NEO1	1414
MKI67	1415
POLR1E	1416
LTBP4	1417
CCDC136	1418
TAF9B	1419
KLC2	1420
CXADR	1421
GINS3	1422
PHLDB2	1423
CHIC1	1424
PCDH9	1425
HYKK	1426
EIF5A2	1427
PLAT	1428
VPS13A	1429
TTPAL	1430
TMEM67	1431
EGLN3	1432
RTTN	1433
NHS	1434
E2F5	1435
IL1B	1436
ITPR3	1437
TPX2	1438
PID1	1439
NAP1L3	1440
GPR19	1441
HIP1R	1442
MBOAT2	1443
ID3	1444
TPD52	1445
SLC16A1	1446
PTTG1	1447
HTR7	1448
RASGRF2	1449
C1ORF198	1450
PSRC1	1451
UACA	1452
FAM111B	1453
POLR1B	1454
TMEM8B	1455
C3ORF52	1456
VRK1	1457
EXT1	1458
CDON	1459
FAM184A	1460
MSI2	1461
RNF43	1462
MTHFD1L	1463
CKAP2	1464
PLEKHH2	1465
MCC	1466
PLCE1	1467
CD163L1	1468
FBL	1469
ASAH2B	1470
AMMECR1	1471
PBX1	1472
ABI2	1473
HKDC1	1474
EML5	1475
PCNA	1476
CACNA2D3	1477
DPYSL4	1478
SLC35F2	1479
TCEAL9	1480
SKIL	1481
C5ORF63	1482
TICRR	1483
SPC24	1484
AFF3	1485
PFN2	1486
EHBP1	1487
TRIM32	1488
BRCA1	1489
NPTXR	1490
ARHGAP23	1491
UHRF1	1492
FAM160A1	1493
FZD6	1494
EPPK1	1495
ARHGAP39	1496
DPY19L2P2	1497
SNHG3	1498
CFAP97	1499
HOXB3	1500
WDR54	1501
RASSF8	1502
MATN2	1503
BNIP3	1504
HSPA4L	1505
HLF	1506
FOSB	1507
CENPK	1508
SYTL2	1509
CENPM	1510
MTCL1	1511
RCN1	1512
SLC16A1-AS1	1513
PGRMC1	1514
CXCL8	1515
KALRN	1516
SEMA6C	1517
SIM2	1518
TNFRSF25	1519
TLN2	1520
TRIP13	1521
JAM3	1522
PPAT	1523
SNPH	1524
SPOCK1	1525
HEATR1	1526
SMC2	1527
ZNF639	1528
BEX3	1529
CHPF	1530
MCM4	1531
ZFP37	1532
RGMB	1533
ALDH1L2	1534
CEP170B	1535
C12ORF75	1536
RAB27B	1537
TUB	1538
MCM10	1539
LOC730101	1540
WDR35	1541
FAM161A	1542
SEMA4C	1543
GMNN	1544
MCM3	1545
APBA2	1546
SHCBP1	1547
ZNF519	1548
TRPC1	1549
CMBL	1550
CEP55	1551
ENSG00000280123	1552
EXPH5	1553
E2F8	1554
FZD3	1555
BACE2	1556
PGGHG	1557
PDLIM1	1558
PTPN14	1559
MTBP	1560
CEP126	1561
LINC02614	1562
ID1	1563
NPAS2	1564
AHNAK2	1565
AKT3	1566
FAM72B	1567
CD320	1568
PMEPA1	1569
SLC16A4	1570
SNHG15	1571
ECT2	1572
FHL2	1573
TAF4B	1574
LAMB1	1575
ESCO2	1576
PAIP2B	1577
RRP15	1578
MLF1	1579
ENSG00000272145	1580
CDCA2	1581
USP11	1582
DOK4	1583
ZWINT	1584
ZDHHC23	1585
PSAT1	1586
PLPP1	1587
CLTCL1	1588
MICAL3	1589
WWC1	1590
VANGL1	1591
KIF20B	1592
EOMES	1593
KRBOX4	1594
CHTF18	1595
NUPR1	1596
JADE3	1597
RAB23	1598
MEIS3	1599
AURKA	1600
HMGB2	1601
AASS	1602
CIT	1603
HSF2	1604
TMEM97	1605
HES4	1606
CDK6	1607
GCH1	1608
ASPM	1609
CTPS1	1610
E2F7	1611
LDOC1	1612
DPY19L2	1613
TMEM158	1614
USP13	1615
DIXDC1	1616
NBL1	1617
PKMYT1	1618
RPGRIP1L	1619
COBLL1	1620
GGH	1621
E2F2	1622
PKIA	1623
AJUBA	1624
NXN	1625
ITM2C	1626
AEN	1627
RFC4	1628
RBMS3	1629
NOLC1	1630
CDR2L	1631
EPHB4	1632
RMI2	1633
ADAM22	1634
PAPPA	1635
WASF1	1636
BRIX1	1637
EXO1	1638
RAD18	1639
TOP2A	1640
NKX3-1	1641
RRM2	1642
LPAL2	1643
SAPCD2	1644
CHAF1B	1645
PKN2	1646
KIF11	1647
HOXA2	1648
ORC1	1649
FIGNL1	1650
STMN1	1651
BUB1B	1652
RARB	1653
SGO2	1654
EXOSC2	1655
PLCD3	1656
URB1	1657
HAUS6	1658
GINS2	1659
P3H4	1660
ASAH2	1661
ZNF462	1662
ADAMTSL5	1663
CKS1B	1664
UBE2T	1665
MND1	1666
KIF23	1667
ADCY6	1668
CENPU	1669
MAGI3	1670
NID2	1671
NAV2	1672
HID1	1673
CPS1	1674
SLC25A37	1675
ZNF532	1676
PRR11	1677
CCNA2	1678
FRMD5	1679
DBN1	1680
EFCAB7	1681
PHKA1	1682
POLQ	1683
PLEKHH3	1684
MICU3	1685
ESPL1	1686
NSMF	1687
HAUS5	1688
TMEM106C	1689
PPFIA4	1690
GPRASP2	1691
NCAPG2	1692
CDT1	1693
MCAM	1694
CDH24	1695
JPT2	1696
CRIP2	1697
AZIN2	1698
CCDC34	1699
CDCA8	1700
CHAC2	1701
BTG3	1702
IGFBP4	1703
CCDC102A	1704
RRP12	1705
E2F1	1706
TTK	1707
MPP2	1708
MELK	1709
SUGCT	1710
HOXB4	1711
PTPRK	1712
FANCD2	1713
TEAD2	1714
PLK4	1715
IFT81	1716
UNKL	1717
UST	1718
FAM229B	1719
TMEM237	1720
LAMA5	1721
LMNB2	1722
ESPN	1723
TNC	1724
KCNH3	1725
KIF3C	1726
ISM1	1727
SATB2	1728
DNAH11	1729
PEG10	1730
OLFM2	1731
CDCA3	1732
TONSL	1733
KNTC1	1734
DDIT4	1735
CALD1	1736
NEIL3	1737
SEZ6L2	1738
PTPRS	1739
CDK2	1740
PRR7	1741
MYO10	1742
ZNF480	1743
URB2	1744
PABPC1L	1745
HLTF	1746
ADAM19	1747
RALGPS2	1748
ZNF280C	1749
ZWILCH	1750
BRSK1	1751
RECQL4	1752
GUCY1B1	1753
KIF15	1754
SCG5	1755
CKS2	1756
BAALC	1757
EVC	1758
HES1	1759
CHML	1760
CCNF	1761
ABHD17C	1762
CC2D2A	1763
MYO6	1764
MAP1B	1765
IGFBP3	1766
MPP3	1767
APOBEC3B	1768
WNK3	1769
SKA3	1770
TRIB3	1771
TOM1L1	1772
HMGB3	1773
ANLN	1774
PUS7	1775
ITGA1	1776
STIL	1777
PAQR3	1778
TRIM2	1779
NUP107	1780
DCBLD2	1781
PFKM	1782
SH2D4A	1783
MCM8	1784
SLC22A17	1785
WDHD1	1786
LAMA3	1787
RAB36	1788
SNAI1	1789
NGFR	1790
WDR62	1791
CSPG4	1792
RAD54L	1793
SYN1	1794
EREG	1795
ALMS1	1796
CDC45	1797
ARHGEF4	1798
LGR4	1799
KCNH2	1800
CNN3	1801
SLC4A3	1802
ARHGAP5	1803
DIAPH3	1804
ITGA2	1805
FAM171A1	1806
CDC25A	1807
MSRB3	1808
BLM	1809
FLJ22447	1810
CCNB2	1811
PPP1R13L	1812
LOXL1	1813
IFRD1	1814
TPPP	1815
CADM4	1816
POLA1	1817
TSPAN6	1818
DMWD	1819
NASP	1820
SMTN	1821
VASN	1822
KIFC1	1823
COL7A1	1824
SLC22A23	1825
ENSG00000158427	1826
SPDL1	1827
ENSG00000232098	1828
TPM1	1829
NUF2	1830
ETV4	1831
TROAP	1832
THAP9-AS1	1833
PAICS	1834
TMEM132A	1835
NPDC1	1836
FANCM	1837
HJURP	1838
PGAP1	1839
TSPYL2	1840
FAM83D	1841
IFT57	1842
ASF1B	1843
SH3D19	1844
HECW2-AS1	1845
OSMR	1846
CCDC173	1847
TK1	1848
MNS1	1849
ENTR1	1850
NCAPG	1851
RAB11FIP5	1852
SNHG1	1853
SPEG	1854
ADAM23	1855
CENPO	1856
LINC01572	1857
CDCA5	1858
CDC7	1859
DLG5	1860
ELOVL6	1861
CHST10	1862
NAT14	1863
LMNB1	1864
PLS3	1865
DUBR	1866
SH3BGRL2	1867
AGAP1	1868
TRPV3	1869
PERP	1870
TTF2	1871
ZC4H2	1872
ARHGEF26	1873
COL1A1	1874
SKA1	1875
TSPAN13	1876
KHDRBS3	1877
UBE2S	1878
LRP11	1879
RCC1	1880
CDC20	1881
MTX3	1882
DLGAP5	1883
TYRO3	1884
KIF4A	1885
GNAO1	1886
IGF2BP3	1887
DNAJC9	1888
TEAD3	1889
WDR3	1890
RFC2	1891
ARL6	1892
BIRC5	1893
ARHGEF12	1894
PIMREG	1895
SMAD5	1896
NUSAP1	1897
NDRG4	1898
CFH	1899
LIF	1900
KIF14	1901
CKB	1902
ASIC1	1903
ENSG00000281344	1904
ATAD2	1905
GLI3	1906
DSCC1	1907
DCBLD1	1908
DBNDD1	1909
GNAZ	1910
SNORA73B	1911
CFL2	1912
MAMLD1	1913
SACS	1914
THSD1	1915
PLK1	1916
ATAD5	1917
ELOVL7	1918
SUN1	1919
C14ORF132	1920
FANCI	1921
OLFML2A	1922
FSD1	1923
ENSG00000280604	1924
CAMK2N1	1925
SLC7A5	1926
GTSE1	1927
PARD3B	1928
GRPEL2	1929
DUT	1930
PRSS23	1931
KLF5	1932
DUSP4	1933
LRIG2	1934
PFDN4	1935
UBE2C	1936
NEK2	1937
CENPN	1938
PLEKHG5	1939
DDR2	1940
SPRY1	1941
GNG11	1942
CDC6	1943
NBEA	1944
AMPH	1945
TWNK	1946
DHFR	1947
GLIS3	1948
CDC25C	1949
SGO1	1950
RPL22L1	1951
CHEK1	1952
TOMM34	1953
CASKIN2	1954
OBSL1	1955
NT5E	1956
SPAG5	1957
DNM1	1958
TULP3	1959
DEPDC1B	1960
PTPRF	1961
NUP155	1962
POLE2	1963
HMMR	1964
CTH	1965
POLE	1966
FRMD6	1967
GALNT5	1968
DONSON	1969
TNPO2	1970
MKRN3	1971
SLC4A4	1972
HPRT1	1973
SLC39A14	1974
SLC6A4	1975
DCAF16	1976
LRP6	1977
NOC3L	1978
FEN1	1979
FAM227A	1980
IRAK2	1981
SERPINE2	1982
KRT18	1983
TGFB2	1984
EHD2	1985
CENPE	1986
P3H3	1987
FKBP14	1988
FAM216A	1989
MMS22L	1990
LRRIQ3	1991
CDCA7	1992
IMPDH2	1993
MDGA1	1994
CLMP	1995
KIF18A	1996
TANC1	1997
CYP2U1	1998
TP73	1999
LINC00641	2000
IFI44L	2001
PARPBP	2002
SERPINB2	2003
TEDC2	2004
FBXO5	2005
GPR63	2006
TIMM8A	2007
KDELR3	2008
TGFB1I1	2009
WDR90	2010
KIF26B	2011
HCN2	2012
ADGRB2	2013
ARC	2014
NCAPD2	2015
MIR7152	2016.5
MRPS24	2016.5
AUNIP	2018
TMTC3	2019
KLHL23	2020
CHAF1A	2021
POLR3G	2022
STX1A	2023
SEMA3A	2024
NEK10	2025
SLC35G2	2026
PHGDH	2027
DUSP8	2028
C4ORF46	2029
EPHA2	2030
IQCH	2031
CKAP2L	2032
MCM7	2033
RUVBL1	2034
FANCB	2035
CDKN3	2036
SPTB	2037
ADGRA3	2038
PTPRU	2039
EFHC1	2040
CDKL2	2041
SIGLEC12	2042
ORC6	2043
TNFRSF9	2044
DST	2045
CEP89	2046
CCDC150	2047
MAGEF1	2048
MAP7D3	2049
TRAIP	2050
CLSPN	2051
SGCB	2052
IFT80	2053
CES3	2054
GREB1L	2055
ILDR2	2056
MFAP3L	2057
FERMT2	2058
CACHD1	2059
ESPNL	2060
MAPK12	2061
SMPDL3B	2062
SKP2	2063
SGCE	2064
SASS6	2065
FAM86B1	2066
IPO5	2067
ARHGAP11A	2068
BCOR	2069
PTK7	2070
CD70	2071
PIANP	2072
MLLT11	2073
CFAP54	2074
P2RY12	2075
MYLK	2076
FBXL2	2077
EML6	2078
PTGES	2079
SCML2	2080
ARL13B	2081
PTK2	2082
CENPA	2083
ABI3BP	2084
ENSG00000230074	2085
MSH6	2086
WEE1	2087
AURKB	2088
RHOBTB3	2089
OIP5	2090
AMH	2091
CLDND1	2092
KNL1	2093
TTC26	2094
SPIN3	2095
MEIS1	2096
DYRK3	2097
UAP1	2098
GPR161	2099
FGD1	2100
PCLAF	2101
SMARCA1	2102
PM20D2	2103
LAPTM4B	2104
KCNMB4	2105
EZH2	2106
ZRANB2	2107
LIN9	2108
CLIP3	2109
TIPIN	2110
RIOX2	2111
KLHL13	2112
C1ORF112	2113
NOSTRIN	2114
ADAT2	2115
RGS17	2116
LOC100130950	2117
SNRPD1	2118
MIR210HG	2119
SSX2IP	2120
ACOT1	2121
PTPN21	2122
DMKN	2123
WNT3	2124
ADGRG1	2125
IFI27	2126
TMEM65	2127
DDR1	2128
STK36	2129
CA13	2130
PRTFDC1	2131
SIX5	2132
DMPK	2133
CTSF	2134
GAMT	2135
SAMD11	2136
ENAH	2137
DRP2	2138
COLGALT2	2139
NUDT21	2140
GTPBP3	2141
XRCC2	2142
ENSG00000254409	2143
BNC2	2144
FSTL1	2145
FAM72D	2146
SLC9A3R2	2147
TUFT1	2148
SMURF2	2149
AFDN	2150
WDR17	2151
NEMP1	2152
WDR27	2153
NLGN2	2154
CDC42BPA	2155
ERCC6L	2156
DDX11	2157
C19ORF48	2158
PACSIN3	2159
NCAM1	2160
HOXB7	2161
MAGI2-AS3	2162
COL5A2	2163
CIP2A	2164
BAMBI	2165
TCOF1	2166
MET	2167
ZCCHC14	2168
ZNF215	2169
CNIH2	2170
WASL	2171
MAPK8IP2	2173
PDE1B	2173
TAS1R1	2173
VPS9D1-AS1	2175
CSNK1E	2176
F2R	2177
MOSPD1	2178
JAM2	2179
SIK1B	2180
ARTN	2181
GRAMD1C	2182
NSD2	2183
TSPAN10	2184
PYCR1	2185
PSMC3IP	2186
C18ORF54	2187
MXRA7	2188
GGT7	2189
GATA2	2190
KCNJ1	2191
IL12A	2192
COL5A1	2193
CEP152	2194
DPF3	2195
ADAMTS13	2196
FGFR4	2197
RFC5	2198
KCNN3	2199
CELSR3	2200
PKP4	2201
PAXIP1	2202
RRAD	2203
AXL	2204
OSBPL6	2205
CPT1C	2206
SYBU	2207
KIAA0895	2208
NRN1	2209
IRS1	2210
AFAP1	2211
ULBP3	2212
PROCR	2213
ENSG00000166897	2214
DNA2	2215
CCDC14	2216
ZGRF1	2217
NIPAL4	2218
MOCS1	2219
JAG2	2220
CDH13	2221
ARHGAP42	2222
DSEL	2223
ETV1	2224
MYH15	2225
TPST1	2226
NUDT11	2227
GNAI1	2228
ENSG00000272841	2229
GPRC5B	2230
MID1	2231
PLK2	2232
DYNC2H1	2233
CNTNAP2	2234
PRSS12	2235
ROBO1	2236
CDCA4	2237
BOC	2238.5
ENSG00000230084	2238.5
PPP1R9A	2240
HAGH	2242
NECAB1	2242
SPINT1-AS1	2242
EME1	2244
PPA1	2245
COL27A1	2246
CRNDE	2247
NET1	2248
ARHGEF39	2249
SMAD9	2250
ENSG00000111788	2251
PRDM5	2252
FEZ1	2253
CCNE2	2254
ANK2	2255
AKAP12	2256
L1CAM	2257
CPNE7	2258
TRIM45	2259
SMC4	2260
SKA2	2261
MAP2	2262
PDE6G	2263
EFNB2	2264
AMOTL1	2265
ITGB3BP	2266
TRAPPC2L	2267
GPR3	2268
SIKE1	2269
ANGPT4	2270
RAPGEF5	2271
DCUN1D4	2272
NEDD4	2273
GFPT2	2274
HMCN1	2275
RFC3	2276
LCA5	2277
SLITRK5	2278
CGN	2279
PLXNB3	2280
CCDC80	2281
CCDC113	2282
C9ORF40	2283
PIGM	2284
CHRNA5	2285
RHBDL1	2286
EFNA5	2287
ULBP2	2288
SAMHD1	2289
TMOD2	2290
ENSG00000284946	2292
ERRFI1	2292
VPS11	2292
PCBP3	2294
REEP2	2295
CUL4B	2296
GNB3	2297
LZTFL1	2298
ASAP3	2299.5
LOC105369748	2299.5
GPSM2	2301
RPP40	2302
GSTA4	2303
LINC00511	2304
GDPD5	2305.5
KDM2B	2305.5
HDGFL3	2307
FAM171B	2308
LTBP1	2309
ZNRF3	2310
HECW2	2311
CBX2	2312.5
DOC2A	2312.5
PDCD5	2314
TACC3	2315
DOCK8	2316
GRB10	2317
CAV1	2318
SPIN4	2319
FRK	2320
GPRIN1	2321
POLD2	2322
SPRED3	2323
PLPP2	2324
PNMA2	2325
KIAA1549	2326
ENSG00000266389	2327
C8ORF88	2328
FBN1	2329
NKILA	2330
EEF1A2	2331
CCP110	2332
ACBD7	2335
CDH3	2335
PARD3	2335
STK33	2335
USP1	2335
